Name,Image,Model,Origin,Year,Status
Name 1,Image 1,Model 1,Origin 1,Year 1,Status 1
Name 2,Image 2,Model 2,Origin 2,Year 2,Status 2
Name 3,Image 3,Model 3,Origin 3,Year 3,Status 3
Name 4,Image 4,Model 4,Origin 4,Year 4,Status 4
Name 5,Image 5,Model 5,Origin 5,Year 5,Status 5
Name 6,Image 6,Model 6,Origin 6,Year 6,Status 6
Name 7,Image 7,Model 7,Origin 7,Year 7,Status 7
Name 8,Image 8,Model 8,Origin 8,Year 8,Status 8
Name 9,Image 9,Model 9,Origin 9,Year 9,Status 9
Name 10,Image 10,Model 10,Origin 10,Year 10,Status 10
